Date,Time,Map Name,Raj Placement,Raj Kart,Raj Racetime,Azhan Placement,Azhan Kart,Azhan Racetime,Sameer Placement,Sameer Kart,Sameer Racetime,Zetaa Placement,Zetaa Kart,Zetaa Racetime,Adi Placement,Adi Kart,Adi Racetime,Dylan Placement,Dylan Kart,Dylan Racetime,Parum Placement,Parum Kart,Parum Racetime,EnderRobot Placement,EnderRobot Kart,EnderRobot Racetime,Lynden Placement,Lynden Kart,Lynden Racetime
2024-10-27,03:17:01,Shanghai,3,The Kart,3:00.70,1,The Kart,2:58.18,4,The Kart,3:03.20,DNR,DNR,DNR,DNR,DNR,DNR,DNR,DNR,DNR,DNR,DNR,DNR,DNR,DNR,DNR,DNR,DNR,DNR
2024-10-28,23:06:24,Shanghai by Night,DNR,DNR,DNR,1,The Kart,3:00.20,4,The Kart,3:02.28,DNR,DNR,DNR,DNR,DNR,DNR,DNR,DNR,DNR,DNR,DNR,DNR,DNR,DNR,DNR,DNR,DNR,DNR
2024-10-30,10:15:17,Snowville,DNR,DNR,DNR,1,The Kart,1:56.86,2,The Kart,1:57.16,DNR,DNR,DNR,DNR,DNR,DNR,DNR,DNR,DNR,DNR,DNR,DNR,DNR,DNR,DNR,DNR,DNR,DNR
2024-10-30,10:20:02,Snowville,DNR,DNR,DNR,2,The Kart,2:00.96,1,The Kart,2:00.28,DNR,DNR,DNR,DNR,DNR,DNR,DNR,DNR,DNR,DNR,DNR,DNR,DNR,DNR,DNR,DNR,DNR,DNR
2024-10-30,11:16:41,Shanghai,DNR,DNR,DNR,3,The Kart,2:42.70,4,The Kart,2:58.40,DNR,DNR,DNR,DNR,DNR,DNR,DNR,DNR,DNR,DNR,DNR,DNR,DNR,DNR,DNR,DNR,DNR,DNR
2024-11-14,23:52:21,Snowville,3,The Kart,2:11.18,2,Monstro,2:10.96,1,Minecart,2:10.88,DNR,DNR,DNR,DNR,DNR,DNR,DNR,DNR,DNR,DNR,DNR,DNR,DNR,DNR,DNR,DNR,DNR,DNR
2024-11-17,01:56:43,Shanghai,5,The Kart,2:49.36,1,Monstro,2:45.12,3,Minecart,2:46.26,DNR,DNR,DNR,DNR,DNR,DNR,DNR,DNR,DNR,DNR,DNR,DNR,DNR,DNR,DNR,DNR,DNR,DNR
2024-11-17,03:05:57,Snowville,5,The Kart,2:08.78,4,Monstro,2:05.86,2,Minecart,2:02.24,DNR,DNR,DNR,DNR,DNR,DNR,DNR,DNR,DNR,DNR,DNR,DNR,DNR,DNR,DNR,DNR,DNR,DNR
2024-11-17,03:09:35,Snowville,3,The Kart,2:06.94,2,Monstro,2:06.36,1,Minecart,2:02.40,DNR,DNR,DNR,DNR,DNR,DNR,DNR,DNR,DNR,DNR,DNR,DNR,DNR,DNR,DNR,DNR,DNR,DNR
2024-11-18,23:15:54,Shanghai,DNR,DNR,DNR,2,Monstro,2:39.54,1,Minecart,2:39.18,DNR,DNR,DNR,DNR,DNR,DNR,DNR,DNR,DNR,DNR,DNR,DNR,DNR,DNR,DNR,DNR,DNR,DNR
2024-11-19,00:56:11,Shanghai,5,The Kart,2:59.02,2,The Kart,2:49.02,3,The Kart,2:49.42,DNR,DNR,DNR,DNR,DNR,DNR,DNR,DNR,DNR,DNR,DNR,DNR,DNR,DNR,DNR,DNR,DNR,DNR
2024-11-19,01:30:25,Shanghai,3,The Kart,2:47.42,2,Puppy,2:44.56,1,Puppy,2:41.44,DNR,DNR,DNR,DNR,DNR,DNR,DNR,DNR,DNR,DNR,DNR,DNR,DNR,DNR,DNR,DNR,DNR,DNR
2024-11-19,01:37:19,Shanghai,2,The Kart,2:52.48,1,The Kart,2:46.26,4,The Kart,2:56.60,DNR,DNR,DNR,DNR,DNR,DNR,DNR,DNR,DNR,DNR,DNR,DNR,DNR,DNR,DNR,DNR,DNR,DNR
2024-11-19,02:37:39,Snowville,6,Snowmobile,2:14.06,2,The Kart,2:10.78,1,The Kart,2:08.74,DNR,DNR,DNR,DNR,DNR,DNR,DNR,DNR,DNR,DNR,DNR,DNR,DNR,DNR,DNR,DNR,DNR,DNR
2024-11-19,22:07:37,Snowville,1,Greedy Snowmobile,1:59.74,DNR,DNR,DNR,DNR,DNR,DNR,DNR,DNR,DNR,DNR,DNR,DNR,DNR,DNR,DNR,DNR,DNR,DNR,DNR,DNR,DNR,DNR,DNR,DNR
2024-11-19,22:12:58,Shanghai,3,Greedy Snowmobile,2:37.48,DNR,DNR,DNR,DNR,DNR,DNR,DNR,DNR,DNR,DNR,DNR,DNR,DNR,DNR,DNR,DNR,DNR,DNR,DNR,DNR,DNR,DNR,DNR,DNR
2024-11-19,22:17:52,Snowville,3,Greedy Snowmobile,1:58.30,DNR,DNR,DNR,DNR,DNR,DNR,DNR,DNR,DNR,DNR,DNR,DNR,DNR,DNR,DNR,DNR,DNR,DNR,DNR,DNR,DNR,DNR,DNR,DNR
2024-11-19,22:22:27,Shanghai by Night,2,Bat Kart,2:38.78,DNR,DNR,DNR,DNR,DNR,DNR,DNR,DNR,DNR,DNR,DNR,DNR,DNR,DNR,DNR,DNR,DNR,DNR,DNR,DNR,DNR,DNR,DNR,DNR
2024-11-19,22:27:13,Shanghai,2,Greedy Snowmobile,2:41.82,DNR,DNR,DNR,DNR,DNR,DNR,DNR,DNR,DNR,DNR,DNR,DNR,DNR,DNR,DNR,DNR,DNR,DNR,DNR,DNR,DNR,DNR,DNR,DNR
2024-11-19,23:01:29,Shanghai by Night,4,Bat Kart,2:38.74,3,Monstro,2:35.94,DNR,DNR,DNR,DNR,DNR,DNR,DNR,DNR,DNR,DNR,DNR,DNR,DNR,DNR,DNR,DNR,DNR,DNR,DNR,DNR,DNR
2024-11-19,23:06:03,Shanghai,3,Greedy Snowmobile,2:43.58,2,Monstro,2:41.62,DNR,DNR,DNR,DNR,DNR,DNR,DNR,DNR,DNR,DNR,DNR,DNR,DNR,DNR,DNR,DNR,DNR,DNR,DNR,DNR,DNR
2024-11-19,23:09:40,Snowville,3,Greedy Snowmobile,1:49.50,1,Snowmobile,1:48.34,DNR,DNR,DNR,DNR,DNR,DNR,DNR,DNR,DNR,DNR,DNR,DNR,DNR,DNR,DNR,DNR,DNR,DNR,DNR,DNR,DNR
2024-11-19,23:14:51,Shanghai,2,Greedy Snowmobile,2:42.10,1,Dino Monstro,2:41.72,DNR,DNR,DNR,DNR,DNR,DNR,DNR,DNR,DNR,DNR,DNR,DNR,DNR,DNR,DNR,DNR,DNR,DNR,DNR,DNR,DNR
2024-11-19,23:18:21,Snowville,2,Greedy Snowmobile,1:58.64,1,Snowmobile,1:56.18,DNR,DNR,DNR,DNR,DNR,DNR,DNR,DNR,DNR,DNR,DNR,DNR,DNR,DNR,DNR,DNR,DNR,DNR,DNR,DNR,DNR
2024-11-19,23:21:56,Snowville,2,Greedy Snowmobile,1:58.80,1,Snowmobile,1:58.76,DNR,DNR,DNR,DNR,DNR,DNR,DNR,DNR,DNR,DNR,DNR,DNR,DNR,DNR,DNR,DNR,DNR,DNR,DNR,DNR,DNR
2024-11-19,23:26:14,Snowville,2,Greedy Snowmobile,1:48.22,3,Snowmobile,1:52.72,DNR,DNR,DNR,DNR,DNR,DNR,DNR,DNR,DNR,DNR,DNR,DNR,DNR,DNR,DNR,DNR,DNR,DNR,DNR,DNR,DNR
2024-11-19,23:30:13,Snowville,1,Greedy Snowmobile,1:51.56,2,Snowmobile,1:52.18,DNR,DNR,DNR,DNR,DNR,DNR,DNR,DNR,DNR,DNR,DNR,DNR,DNR,DNR,DNR,DNR,DNR,DNR,DNR,DNR,DNR
2024-11-19,23:40:15,Shanghai by Night,5,Bat Kart,2:45.62,4,Dino Monstro,2:40.24,3,Grey Blocks,2:38.98,DNR,DNR,DNR,DNR,DNR,DNR,DNR,DNR,DNR,DNR,DNR,DNR,DNR,DNR,DNR,DNR,DNR,DNR
2024-11-19,23:45:21,Shanghai,4,Golden Trolley,2:53.56,3,Dino Monstro,2:52.24,5,Snow Minecart,2:54.06,DNR,DNR,DNR,DNR,DNR,DNR,DNR,DNR,DNR,DNR,DNR,DNR,DNR,DNR,DNR,DNR,DNR,DNR
2024-11-19,23:50:18,Shanghai,2,Golden Trolley,2:48.14,1,Dino Monstro,2:46.80,3,Grey Blocks,2:50.86,DNR,DNR,DNR,DNR,DNR,DNR,DNR,DNR,DNR,DNR,DNR,DNR,DNR,DNR,DNR,DNR,DNR,DNR
2024-11-19,23:53:53,Snowville,1,Greedy Snowmobile,1:52.82,4,Snowmobile,1:58.80,3,Snow Minecart,1:57.06,DNR,DNR,DNR,DNR,DNR,DNR,DNR,DNR,DNR,DNR,DNR,DNR,DNR,DNR,DNR,DNR,DNR,DNR
2024-11-19,23:59:11,Shanghai,3,Golden Trolley,2:38.96,4,Dino Monstro,2:41.68,1,Puppy,2:37.54,DNR,DNR,DNR,DNR,DNR,DNR,DNR,DNR,DNR,DNR,DNR,DNR,DNR,DNR,DNR,DNR,DNR,DNR
2024-11-20,00:04:05,Snowville,4,Golden Trolley,2:08.38,DNR,DNR,DNR,2,Grey Blocks,2:07.40,DNR,DNR,DNR,DNR,DNR,DNR,DNR,DNR,DNR,DNR,DNR,DNR,DNR,DNR,DNR,DNR,DNR,DNR
2024-11-20,00:08:46,Shanghai by Night,2,Golden Trolley,2:37.40,DNR,DNR,DNR,3,Puppy,2:39.34,DNR,DNR,DNR,DNR,DNR,DNR,DNR,DNR,DNR,DNR,DNR,DNR,DNR,DNR,DNR,DNR,DNR,DNR
2024-11-20,22:33:34,Snowville,3,Greedy Snowmobile,1:49.60,DNR,DNR,DNR,4,Grey Blocks,1:50.16,DNR,DNR,DNR,DNR,DNR,DNR,DNR,DNR,DNR,DNR,DNR,DNR,DNR,DNR,DNR,DNR,DNR,DNR
2024-11-20,22:39:14,Shanghai by Night,4,Bat Kart,2:42.16,DNR,DNR,DNR,2,Puppy,2:39.62,DNR,DNR,DNR,DNR,DNR,DNR,DNR,DNR,DNR,DNR,DNR,DNR,DNR,DNR,DNR,DNR,DNR,DNR
2024-11-20,22:45:05,Shanghai by Night,2,Bat Kart,2:53.42,DNR,DNR,DNR,1,Minecart,2:53.22,DNR,DNR,DNR,DNR,DNR,DNR,DNR,DNR,DNR,DNR,DNR,DNR,DNR,DNR,DNR,DNR,DNR,DNR
2024-11-20,22:48:14,Snowville,2,Greedy Snowmobile,1:55.22,DNR,DNR,DNR,1,Puppy,1:54.32,DNR,DNR,DNR,DNR,DNR,DNR,DNR,DNR,DNR,DNR,DNR,DNR,DNR,DNR,DNR,DNR,DNR,DNR
2024-11-20,22:53:07,Shanghai,4,Dino Kart,2:35.76,DNR,DNR,DNR,5,Dino Kart,2:39.84,DNR,DNR,DNR,DNR,DNR,DNR,DNR,DNR,DNR,DNR,DNR,DNR,DNR,DNR,DNR,DNR,DNR,DNR
2024-11-20,22:59:50,Shanghai by Night,4,Bat Kart,2:48.14,DNR,DNR,DNR,5,Grey Blocks,2:49.10,DNR,DNR,DNR,DNR,DNR,DNR,DNR,DNR,DNR,DNR,DNR,DNR,DNR,DNR,DNR,DNR,DNR,DNR
2024-11-20,23:04:09,Shanghai by Night,4,Bat Kart,2:53.64,DNR,DNR,DNR,3,Puppy,2:52.86,DNR,DNR,DNR,DNR,DNR,DNR,DNR,DNR,DNR,DNR,DNR,DNR,DNR,DNR,DNR,DNR,DNR,DNR
2024-11-20,23:08:38,Snowville,2,Greedy Snowmobile,2:01.62,DNR,DNR,DNR,3,Snow Minecart,2:02.00,DNR,DNR,DNR,DNR,DNR,DNR,DNR,DNR,DNR,DNR,DNR,DNR,DNR,DNR,DNR,DNR,DNR,DNR
2024-11-20,23:13:43,Shanghai,3,Grey Blocks,2:37.62,DNR,DNR,DNR,6,The Kart,2:40.36,DNR,DNR,DNR,DNR,DNR,DNR,DNR,DNR,DNR,DNR,DNR,DNR,DNR,DNR,DNR,DNR,DNR,DNR
2024-11-20,23:17:17,Snowville,1,Grey Blocks,2:01.40,DNR,DNR,DNR,3,Puppy,2:02.22,DNR,DNR,DNR,DNR,DNR,DNR,DNR,DNR,DNR,DNR,DNR,DNR,DNR,DNR,DNR,DNR,DNR,DNR
2024-11-20,23:20:47,Snowville,3,Grey Blocks,1:52.64,DNR,DNR,DNR,2,Grey Blocks,1:51.04,DNR,DNR,DNR,DNR,DNR,DNR,DNR,DNR,DNR,DNR,DNR,DNR,DNR,DNR,DNR,DNR,DNR,DNR
2024-11-20,23:24:49,Snowville,2,Grey Blocks,1:59.60,DNR,DNR,DNR,1,Snowmobile,1:59.06,DNR,DNR,DNR,DNR,DNR,DNR,DNR,DNR,DNR,DNR,DNR,DNR,DNR,DNR,DNR,DNR,DNR,DNR
2024-11-20,23:28:55,Snowville,2,Grey Blocks,1:59.24,DNR,DNR,DNR,1,Snowmobile,1:57.72,DNR,DNR,DNR,DNR,DNR,DNR,DNR,DNR,DNR,DNR,DNR,DNR,DNR,DNR,DNR,DNR,DNR,DNR
2024-11-20,23:37:39,Shanghai by Night,1,Bat Kart,2:37.38,DNR,DNR,DNR,4,Grey Blocks,2:41.92,DNR,DNR,DNR,DNR,DNR,DNR,DNR,DNR,DNR,DNR,DNR,DNR,DNR,DNR,DNR,DNR,DNR,DNR
2024-11-20,23:42:01,Shanghai by Night,2,Bat Kart,2:38.52,DNR,DNR,DNR,4,Puppy,2:39.42,DNR,DNR,DNR,DNR,DNR,DNR,DNR,DNR,DNR,DNR,DNR,DNR,DNR,DNR,DNR,DNR,DNR,DNR
2024-11-20,23:45:59,Snowville,2,Monstro,2:00.42,DNR,DNR,DNR,3,Puppy,2:01.88,DNR,DNR,DNR,DNR,DNR,DNR,DNR,DNR,DNR,DNR,DNR,DNR,DNR,DNR,DNR,DNR,DNR,DNR
2024-11-20,23:50:41,Shanghai,2,Golden Trolley,2:49.36,DNR,DNR,DNR,4,Puppy,2:51.68,DNR,DNR,DNR,DNR,DNR,DNR,DNR,DNR,DNR,DNR,DNR,DNR,DNR,DNR,DNR,DNR,DNR,DNR
2024-11-20,23:54:12,Snowville,1,Greedy Snowmobile,1:58.86,DNR,DNR,DNR,2,Snowmobile,2:00.16,DNR,DNR,DNR,DNR,DNR,DNR,DNR,DNR,DNR,DNR,DNR,DNR,DNR,DNR,DNR,DNR,DNR,DNR
2024-11-21,00:00:58,Shanghai by Night,1,Bat Kart,2:54.00,DNR,DNR,DNR,2,Bat Kart,2:56.04,DNR,DNR,DNR,DNR,DNR,DNR,DNR,DNR,DNR,DNR,DNR,DNR,DNR,DNR,DNR,DNR,DNR,DNR
2024-11-21,00:06:01,Shanghai by Night,4,Bat Kart,2:43.00,DNR,DNR,DNR,2,Bat Kart,2:41.08,DNR,DNR,DNR,DNR,DNR,DNR,DNR,DNR,DNR,DNR,DNR,DNR,DNR,DNR,DNR,DNR,DNR,DNR
2024-11-22,01:53:51,Shanghai,5,Joker Monstro,2:46.30,2,Dino Monstro,2:42.60,DNR,DNR,DNR,DNR,DNR,DNR,DNR,DNR,DNR,DNR,DNR,DNR,DNR,DNR,DNR,DNR,DNR,DNR,DNR,DNR,DNR
2024-11-22,02:02:23,Shanghai by Night,2,Bat Kart,2:46.82,1,The Kart,2:46.66,DNR,DNR,DNR,DNR,DNR,DNR,DNR,DNR,DNR,DNR,DNR,DNR,DNR,DNR,DNR,DNR,DNR,DNR,DNR,DNR,DNR
2024-11-22,02:08:40,Shanghai by Night,2,Grey Blocks,2:45.14,1,Dino Kart,2:45.14,DNR,DNR,DNR,DNR,DNR,DNR,DNR,DNR,DNR,DNR,DNR,DNR,DNR,DNR,DNR,DNR,DNR,DNR,DNR,DNR,DNR
2024-11-22,02:14:36,Shanghai,3,Grey Blocks,2:44.32,2,Grey Blocks,2:42.36,DNR,DNR,DNR,DNR,DNR,DNR,DNR,DNR,DNR,DNR,DNR,DNR,DNR,DNR,DNR,DNR,DNR,DNR,DNR,DNR,DNR
2024-11-22,02:20:34,Shanghai by Night,2,Grey Blocks,2:48.56,1,Grey Blocks,2:41.16,DNR,DNR,DNR,DNR,DNR,DNR,DNR,DNR,DNR,DNR,DNR,DNR,DNR,DNR,DNR,DNR,DNR,DNR,DNR,DNR,DNR
2024-11-22,02:26:13,Snowville,1,Greedy Snowmobile,2:06.34,2,Grey Blocks,2:09.22,DNR,DNR,DNR,DNR,DNR,DNR,DNR,DNR,DNR,DNR,DNR,DNR,DNR,DNR,DNR,DNR,DNR,DNR,DNR,DNR,DNR
2024-11-22,02:30:51,Shanghai,1,Golden Trolley,2:44.98,4,Grey Blocks,2:50.02,DNR,DNR,DNR,DNR,DNR,DNR,DNR,DNR,DNR,DNR,DNR,DNR,DNR,DNR,DNR,DNR,DNR,DNR,DNR,DNR,DNR
2024-11-22,02:36:48,Shanghai,2,Grey Blocks,2:37.50,5,Puppy,2:43.08,DNR,DNR,DNR,DNR,DNR,DNR,DNR,DNR,DNR,DNR,DNR,DNR,DNR,DNR,DNR,DNR,DNR,DNR,DNR,DNR,DNR
2024-11-22,02:41:48,Shanghai,5,Grey Blocks,2:38.86,4,Puppy,2:38.16,DNR,DNR,DNR,DNR,DNR,DNR,DNR,DNR,DNR,DNR,DNR,DNR,DNR,DNR,DNR,DNR,DNR,DNR,DNR,DNR,DNR
2024-11-22,02:46:14,Snowville,4,Greedy Snowmobile,1:58.56,5,Greedy Snowmobile,1:59.12,DNR,DNR,DNR,DNR,DNR,DNR,DNR,DNR,DNR,DNR,DNR,DNR,DNR,DNR,DNR,DNR,DNR,DNR,DNR,DNR,DNR
2024-11-22,02:51:30,Shanghai,4,Grey Blocks,2:44.26,2,Dino Monstro,2:43.28,DNR,DNR,DNR,DNR,DNR,DNR,DNR,DNR,DNR,DNR,DNR,DNR,DNR,DNR,DNR,DNR,DNR,DNR,DNR,DNR,DNR
2024-11-22,02:56:24,Snowville,4,Dino Kart,2:13.12,2,Dino Kart,2:09.14,DNR,DNR,DNR,DNR,DNR,DNR,DNR,DNR,DNR,DNR,DNR,DNR,DNR,DNR,DNR,DNR,DNR,DNR,DNR,DNR,DNR
2024-11-22,03:02:01,Snowville,2,Greedy Snowmobile,1:53.06,1,Greedy Snowmobile,1:53.04,DNR,DNR,DNR,DNR,DNR,DNR,DNR,DNR,DNR,DNR,DNR,DNR,DNR,DNR,DNR,DNR,DNR,DNR,DNR,DNR,DNR
2024-11-22,03:07:26,Shanghai,4,Golden Trolley,2:46.82,3,Dino Monstro,2:46.72,DNR,DNR,DNR,DNR,DNR,DNR,DNR,DNR,DNR,DNR,DNR,DNR,DNR,DNR,DNR,DNR,DNR,DNR,DNR,DNR,DNR
2024-11-23,19:56:02,Shanghai by Night,DNR,DNR,DNR,1,Minecart,2:38.08,DNR,DNR,DNR,3,Trolley,2:43.64,DNR,DNR,DNR,DNR,DNR,DNR,DNR,DNR,DNR,DNR,DNR,DNR,DNR,DNR,DNR
2024-11-23,19:57:49,Shanghai by Night,DNR,DNR,DNR,1,Minecart,2:30.66,DNR,DNR,DNR,4,Trolley,2:37.04,DNR,DNR,DNR,DNR,DNR,DNR,DNR,DNR,DNR,DNR,DNR,DNR,DNR,DNR,DNR
2024-11-23,19:58:21,Snowville,DNR,DNR,DNR,1,Minecart,2:11.20,DNR,DNR,DNR,3,Trolley,2:13.78,DNR,DNR,DNR,DNR,DNR,DNR,DNR,DNR,DNR,DNR,DNR,DNR,DNR,DNR,DNR
2024-11-23,19:58:55,Shanghai,DNR,DNR,DNR,1,Minecart,2:46.04,DNR,DNR,DNR,2,Trolley,2:46.26,DNR,DNR,DNR,DNR,DNR,DNR,DNR,DNR,DNR,DNR,DNR,DNR,DNR,DNR,DNR
2024-11-23,19:59:32,Snowville,DNR,DNR,DNR,1,Snow Minecart,2:00.38,DNR,DNR,DNR,2,Trolley,2:01.76,DNR,DNR,DNR,DNR,DNR,DNR,DNR,DNR,DNR,DNR,DNR,DNR,DNR,DNR,DNR
2024-11-23,20:00:19,Shanghai by Night,DNR,DNR,DNR,1,Snow Minecart,2:31.36,DNR,DNR,DNR,5,Trolley,2:54.22,DNR,DNR,DNR,DNR,DNR,DNR,DNR,DNR,DNR,DNR,DNR,DNR,DNR,DNR,DNR
2024-11-23,23:49:07,Shanghai,5,Minecart,2:36.92,DNR,DNR,DNR,DNR,DNR,DNR,DNR,DNR,DNR,DNR,DNR,DNR,DNR,DNR,DNR,DNR,DNR,DNR,DNR,DNR,DNR,DNR,DNR,DNR
2024-11-23,23:54:40,Shanghai,2,Minecart,2:45.92,DNR,DNR,DNR,DNR,DNR,DNR,DNR,DNR,DNR,DNR,DNR,DNR,DNR,DNR,DNR,DNR,DNR,DNR,DNR,DNR,DNR,DNR,DNR,DNR
2024-11-24,21:02:53,Snowville,DNR,DNR,DNR,2,Snow Minecart,2:00.48,DNR,DNR,DNR,DNR,DNR,DNR,DNR,DNR,DNR,DNR,DNR,DNR,DNR,DNR,DNR,DNR,DNR,DNR,DNR,DNR,DNR
2024-11-24,21:07:43,Shanghai,DNR,DNR,DNR,2,Snow Minecart,2:34.88,DNR,DNR,DNR,DNR,DNR,DNR,DNR,DNR,DNR,DNR,DNR,DNR,DNR,DNR,DNR,DNR,DNR,DNR,DNR,DNR,DNR
2024-11-24,21:12:25,Shanghai by Night,DNR,DNR,DNR,1,Minecart,2:42.02,DNR,DNR,DNR,DNR,DNR,DNR,DNR,DNR,DNR,DNR,DNR,DNR,DNR,DNR,DNR,DNR,DNR,DNR,DNR,DNR,DNR
2024-11-24,21:17:44,Shanghai by Night,DNR,DNR,DNR,1,Snow Minecart,2:37.52,DNR,DNR,DNR,DNR,DNR,DNR,DNR,DNR,DNR,DNR,DNR,DNR,DNR,DNR,DNR,DNR,DNR,DNR,DNR,DNR,DNR
2024-11-24,21:22:04,Shanghai,DNR,DNR,DNR,3,Snow Minecart,2:38.76,DNR,DNR,DNR,DNR,DNR,DNR,DNR,DNR,DNR,DNR,DNR,DNR,DNR,DNR,DNR,DNR,DNR,DNR,DNR,DNR,DNR
2024-11-24,21:30:44,Shanghai,DNR,DNR,DNR,4,Minecart,2:36.66,DNR,DNR,DNR,DNR,DNR,DNR,DNR,DNR,DNR,DNR,DNR,DNR,DNR,DNR,DNR,DNR,DNR,DNR,DNR,DNR,DNR
2024-11-25,23:37:41,Shanghai by Night,5,Bat Kart,2:41.44,1,Minecart,2:37.48,DNR,DNR,DNR,DNR,DNR,DNR,DNR,DNR,DNR,DNR,DNR,DNR,DNR,DNR,DNR,DNR,DNR,DNR,DNR,DNR,DNR
2024-11-25,23:42:05,Shanghai,1,Minecart,2:34.04,3,Minecart,2:37.98,DNR,DNR,DNR,DNR,DNR,DNR,DNR,DNR,DNR,DNR,DNR,DNR,DNR,DNR,DNR,DNR,DNR,DNR,DNR,DNR,DNR
2024-11-25,23:47:18,Shanghai by Night,1,Minecart,2:36.30,4,Minecart,2:38.40,DNR,DNR,DNR,DNR,DNR,DNR,DNR,DNR,DNR,DNR,DNR,DNR,DNR,DNR,DNR,DNR,DNR,DNR,DNR,DNR,DNR
2024-11-25,23:57:18,Snowville,2,Snow Minecart,2:05.94,1,Snow Minecart,2:05.26,DNR,DNR,DNR,DNR,DNR,DNR,DNR,DNR,DNR,DNR,DNR,DNR,DNR,DNR,DNR,DNR,DNR,DNR,DNR,DNR,DNR
2024-11-27,00:20:48,Shanghai,1,Minecart,2:37.44,2,Minecart,2:42.56,6,The Kart,2:46.40,DNR,DNR,DNR,DNR,DNR,DNR,DNR,DNR,DNR,DNR,DNR,DNR,DNR,DNR,DNR,DNR,DNR,DNR
2024-11-27,00:24:57,Snowville,2,Greedy Snowmobile,2:00.48,1,Snow Minecart,1:59.72,3,The Kart,2:01.90,DNR,DNR,DNR,DNR,DNR,DNR,DNR,DNR,DNR,DNR,DNR,DNR,DNR,DNR,DNR,DNR,DNR,DNR
2024-11-27,00:29:16,Shanghai by Night,1,Minecart,2:41.74,2,Snow Minecart,2:44.92,5,The Kart,2:47.12,DNR,DNR,DNR,DNR,DNR,DNR,DNR,DNR,DNR,DNR,DNR,DNR,DNR,DNR,DNR,DNR,DNR,DNR
2024-11-27,00:35:40,Shanghai by Night,3,Minecart,2:41.70,1,Minecart,2:40.36,2,The Kart,2:41.28,DNR,DNR,DNR,DNR,DNR,DNR,DNR,DNR,DNR,DNR,DNR,DNR,DNR,DNR,DNR,DNR,DNR,DNR
2024-11-27,00:47:41,Shanghai by Night,3,Snow Minecart,2:47.42,1,Minecart,2:45.10,4,The Kart,2:48.86,DNR,DNR,DNR,DNR,DNR,DNR,DNR,DNR,DNR,DNR,DNR,DNR,DNR,DNR,DNR,DNR,DNR,DNR
2024-11-27,00:53:26,Snowville,2,Snow Minecart,2:06.90,1,Greedy Snowmobile,2:05.80,4,The Kart,2:10.96,DNR,DNR,DNR,DNR,DNR,DNR,DNR,DNR,DNR,DNR,DNR,DNR,DNR,DNR,DNR,DNR,DNR,DNR
2024-11-27,00:58:21,Snowville,2,Snow Minecart,1:56.02,1,Greedy Snowmobile,1:55.58,5,The Kart,2:02.66,DNR,DNR,DNR,DNR,DNR,DNR,DNR,DNR,DNR,DNR,DNR,DNR,DNR,DNR,DNR,DNR,DNR,DNR
2024-11-27,01:04:50,Shanghai by Night,2,Greedy Snowmobile,2:46.54,1,Minecart,2:44.00,3,The Kart,2:47.32,DNR,DNR,DNR,DNR,DNR,DNR,DNR,DNR,DNR,DNR,DNR,DNR,DNR,DNR,DNR,DNR,DNR,DNR
2024-11-27,01:10:26,Shanghai,2,Minecart,2:34.08,1,Minecart,2:32.10,3,The Kart,2:38.98,DNR,DNR,DNR,DNR,DNR,DNR,DNR,DNR,DNR,DNR,DNR,DNR,DNR,DNR,DNR,DNR,DNR,DNR
2024-11-27,01:15:13,Snowville,1,Greedy Snowmobile,1:56.18,2,Greedy Snowmobile,1:57.86,7,The Kart,2:11.74,DNR,DNR,DNR,DNR,DNR,DNR,DNR,DNR,DNR,DNR,DNR,DNR,DNR,DNR,DNR,DNR,DNR,DNR
2024-11-27,01:23:14,Shanghai by Night,4,Grey Blocks,2:49.18,1,Minecart,2:46.04,3,The Kart,2:48.88,DNR,DNR,DNR,DNR,DNR,DNR,DNR,DNR,DNR,DNR,DNR,DNR,DNR,DNR,DNR,DNR,DNR,DNR
2024-11-27,23:49:36,Shanghai by Night,5,Greedy Snowmobile,2:39.06,1,Minecart,2:36.50,3,The Kart,2:38.04,DNR,DNR,DNR,DNR,DNR,DNR,DNR,DNR,DNR,DNR,DNR,DNR,DNR,DNR,DNR,DNR,DNR,DNR
2024-11-27,23:54:56,Snowville,1,Greedy Snowmobile,1:56.80,2,Snow Minecart,1:57.84,3,The Kart,1:59.10,DNR,DNR,DNR,DNR,DNR,DNR,DNR,DNR,DNR,DNR,DNR,DNR,DNR,DNR,DNR,DNR,DNR,DNR
2024-11-29,00:01:37,Snowville,1,Greedy Snowmobile,2:00.06,2,Snow Minecart,2:02.06,4,The Kart,2:04.60,DNR,DNR,DNR,6,The Kart,2:09.10,DNR,DNR,DNR,DNR,DNR,DNR,DNR,DNR,DNR,DNR,DNR,DNR
2024-11-29,00:04:08,Snowville,1,Greedy Snowmobile,1:59.82,3,Snow Minecart,2:04.72,4,The Kart,2:07.36,DNR,DNR,DNR,5,The Kart,2:07.62,DNR,DNR,DNR,DNR,DNR,DNR,DNR,DNR,DNR,DNR,DNR,DNR
2024-11-29,00:11:49,Shanghai,2,Minecart,2:36.58,1,Minecart,2:35.06,3,The Kart,2:37.36,DNR,DNR,DNR,4,The Kart,2:38.30,8,The Kart,2:55.70,DNR,DNR,DNR,DNR,DNR,DNR,DNR,DNR,DNR
2024-11-29,00:14:06,Shanghai by Night,2,Bat Kart,2:41.92,1,Minecart,2:40.88,3,The Kart,2:46.88,DNR,DNR,DNR,4,The Kart,2:48.28,6,The Kart,2:51.50,DNR,DNR,DNR,DNR,DNR,DNR,DNR,DNR,DNR
2024-11-29,00:20:13,Shanghai,1,Dino Kart,2:43.68,3,Bat Kart,2:46.56,7,The Kart,2:51.58,DNR,DNR,DNR,2,The Kart,2:45.95,5,The Kart,2:50.06,8,The Kart,2:53.28,DNR,DNR,DNR,DNR,DNR,DNR
2024-11-29,00:22:33,Shanghai by Night,3,The Kart,2:54.00,2,The Kart,2:53.60,4,The Kart,2:54.38,DNR,DNR,DNR,5,The Kart,2:54.44,1,The Kart,2:52.44,6,The Kart,3:02.34,DNR,DNR,DNR,DNR,DNR,DNR
2024-11-29,00:29:50,Shanghai,5,Dino Monstro,2:48.86,1,Dino Monstro,2:42.62,2,The Kart,2:44.46,DNR,DNR,DNR,3,The Kart,2:44.98,7,The Kart,2:50.38,8,The Kart,2:51.30,DNR,DNR,DNR,DNR,DNR,DNR
2024-11-29,00:31:07,Shanghai by Night,2,Greedy Snowmobile,2:40.44,1,Dino Monstro,2:40.16,3,The Kart,2:44.04,DNR,DNR,DNR,4,The Kart,2:45.62,6,The Kart,2:47.68,7,The Kart,2:50.03,DNR,DNR,DNR,DNR,DNR,DNR
2024-11-30,23:40:10,Shanghai,DNR,DNR,DNR,1,Minecart,2:34.22,DNR,DNR,DNR,DNR,DNR,DNR,3,The Kart,2:41.04,DNR,DNR,DNR,DNR,DNR,DNR,4,The Kart,2:47.94,DNR,DNR,DNR
2024-11-30,23:41:16,Snowville,DNR,DNR,DNR,1,Snow Minecart,1:58.34,DNR,DNR,DNR,DNR,DNR,DNR,4,The Kart,2:01.94,DNR,DNR,DNR,DNR,DNR,DNR,5,The Kart,2:10.18,DNR,DNR,DNR
2024-11-30,23:42:14,Shanghai by Night,DNR,DNR,DNR,1,Minecart,2:42.50,DNR,DNR,DNR,DNR,DNR,DNR,2,The Kart,2:45.78,DNR,DNR,DNR,DNR,DNR,DNR,4,The Kart,3:00.20,DNR,DNR,DNR
2024-11-30,23:43:00,Shanghai by Night,DNR,DNR,DNR,1,Minecart,2:43.62,DNR,DNR,DNR,DNR,DNR,DNR,4,The Kart,2:45.76,DNR,DNR,DNR,DNR,DNR,DNR,5,The Kart,2:52.02,DNR,DNR,DNR
2024-11-30,23:46:49,Snowville,DNR,DNR,DNR,1,Snow Minecart,2:08.30,DNR,DNR,DNR,DNR,DNR,DNR,2,The Kart,2:09.68,5,The Kart,2:15.62,DNR,DNR,DNR,4,The Kart,2:11.46,DNR,DNR,DNR
2024-11-30,23:49:41,Shanghai,DNR,DNR,DNR,1,Minecart,2:45.42,DNR,DNR,DNR,DNR,DNR,DNR,2,The Kart,2:46.32,8,The Kart,2:59.66,DNR,DNR,DNR,7,The Kart,2:55.70,5,The Kart,2:54.08
2024-11-30,23:51:30,Snowville,DNR,DNR,DNR,3,Snow Minecart,2:15.66,DNR,DNR,DNR,DNR,DNR,DNR,1,The Kart,2:14.24,2,The Kart,2:14.84,DNR,DNR,DNR,6,The Kart,2:19.08,5,The Kart,2:17.16
2024-11-30,23:53:00,Shanghai by Night,DNR,DNR,DNR,1,Minecart,2:42.66,DNR,DNR,DNR,DNR,DNR,DNR,2,The Kart,2:44.16,3,The Kart,2:45.22,DNR,DNR,DNR,4,The Kart,2:46.10,8,The Kart,3:00.00
2024-12-01,18:38:12,Snowville,DNR,DNR,DNR,1,Minecart,2:04.46,DNR,DNR,DNR,4,Trolley,2:08.78,DNR,DNR,DNR,DNR,DNR,DNR,DNR,DNR,DNR,DNR,DNR,DNR,DNR,DNR,DNR
2024-12-01,18:38:43,Snowville,1,Snow Minecart,1:52.34,DNR,DNR,DNR,4,Minecart,1:54.90,DNR,DNR,DNR,DNR,DNR,DNR,DNR,DNR,DNR,DNR,DNR,DNR,DNR,DNR,DNR,DNR,DNR,DNR
2024-12-01,18:39:18,Snowville,3,Snow Minecart,2:01.30,DNR,DNR,DNR,2,Minecart,1:59.68,DNR,DNR,DNR,DNR,DNR,DNR,DNR,DNR,DNR,DNR,DNR,DNR,DNR,DNR,DNR,DNR,DNR,DNR
2024-12-01,18:39:54,Shanghai,3,Grey Blocks,2:45.90,DNR,DNR,DNR,1,Minecart,2:44.26,DNR,DNR,DNR,DNR,DNR,DNR,DNR,DNR,DNR,DNR,DNR,DNR,DNR,DNR,DNR,DNR,DNR,DNR
2024-12-01,18:40:21,Shanghai,2,Dino Monstro,2:46.12,DNR,DNR,DNR,1,Minecart,2:43.24,DNR,DNR,DNR,DNR,DNR,DNR,DNR,DNR,DNR,DNR,DNR,DNR,DNR,DNR,DNR,DNR,DNR,DNR
2024-12-01,18:41:30,Shanghai by Night,4,Bat Kart,2:47.72,DNR,DNR,DNR,5,Bat Kart,2:48.46,DNR,DNR,DNR,DNR,DNR,DNR,DNR,DNR,DNR,DNR,DNR,DNR,DNR,DNR,DNR,DNR,DNR,DNR
2024-12-01,18:43:07,Shanghai by Night,5,Minecart,2:38.20,DNR,DNR,DNR,4,Minecart,2:37.84,DNR,DNR,DNR,DNR,DNR,DNR,DNR,DNR,DNR,DNR,DNR,DNR,DNR,DNR,DNR,DNR,DNR,DNR
2024-12-01,18:43:41,Snowville,1,Snow Minecart,1:57.00,DNR,DNR,DNR,5,Minecart,2:02.00,DNR,DNR,DNR,DNR,DNR,DNR,DNR,DNR,DNR,DNR,DNR,DNR,DNR,DNR,DNR,DNR,DNR,DNR
2024-12-01,18:44:07,Shanghai by Night,DNR,DNR,DNR,DNR,DNR,DNR,2,Bat Kart,2:46.48,DNR,DNR,DNR,DNR,DNR,DNR,DNR,DNR,DNR,DNR,DNR,DNR,DNR,DNR,DNR,DNR,DNR,DNR
2024-12-01,18:44:34,Snowville,DNR,DNR,DNR,DNR,DNR,DNR,3,Minecart,1:50.88,DNR,DNR,DNR,DNR,DNR,DNR,DNR,DNR,DNR,DNR,DNR,DNR,DNR,DNR,DNR,DNR,DNR,DNR
2024-12-01,18:45:13,Shanghai,DNR,DNR,DNR,DNR,DNR,DNR,2,Minecart,2:39.50,DNR,DNR,DNR,DNR,DNR,DNR,DNR,DNR,DNR,DNR,DNR,DNR,DNR,DNR,DNR,DNR,DNR,DNR
2024-12-02,22:12:44,Snowville,1,Greedy Snowmobile,1:55.28,2,Snow Minecart,2:00.18,3,Snowmobile,2:01.38,DNR,DNR,DNR,DNR,DNR,DNR,DNR,DNR,DNR,DNR,DNR,DNR,DNR,DNR,DNR,DNR,DNR,DNR
2024-12-02,22:18:18,Shanghai,2,Golden Trolley,2:40.74,1,Minecart,2:38.92,3,Puppy,2:40.84,DNR,DNR,DNR,DNR,DNR,DNR,DNR,DNR,DNR,DNR,DNR,DNR,DNR,DNR,DNR,DNR,DNR,DNR
2024-12-02,22:23:04,Shanghai,5,Dino Monstro,2:41.04,3,Minecart,2:37.36,4,Minecart,2:38.84,DNR,DNR,DNR,DNR,DNR,DNR,DNR,DNR,DNR,DNR,DNR,DNR,DNR,DNR,DNR,DNR,DNR,DNR
2024-12-02,22:27:42,Snowville,1,Greedy Snowmobile,1:56.56,4,Snow Minecart,2:00.24,5,Snow Minecart,2:03.30,DNR,DNR,DNR,DNR,DNR,DNR,DNR,DNR,DNR,DNR,DNR,DNR,DNR,DNR,DNR,DNR,DNR,DNR
2024-12-02,23:35:28,Shanghai,2,Greedy Snowmobile,2:36.26,3,Minecart,2:36.48,5,Puppy,2:39.98,DNR,DNR,DNR,DNR,DNR,DNR,DNR,DNR,DNR,DNR,DNR,DNR,DNR,DNR,DNR,DNR,DNR,DNR
2024-12-02,23:36:14,Shanghai,1,Greedy Snowmobile,2:38.92,4,Minecart,2:48.32,5,Grey Blocks,2:49.58,DNR,DNR,DNR,DNR,DNR,DNR,DNR,DNR,DNR,DNR,DNR,DNR,DNR,DNR,DNR,DNR,DNR,DNR
2024-12-02,23:37:00,Shanghai,2,Greedy Snowmobile,2:40.38,1,Greedy Snowmobile,2:38.90,4,Grey Blocks,2:41.88,DNR,DNR,DNR,DNR,DNR,DNR,DNR,DNR,DNR,DNR,DNR,DNR,DNR,DNR,DNR,DNR,DNR,DNR
2024-12-02,23:38:00,Snowville,4,Greedy Snowmobile,1:56.92,1,Greedy Snowmobile,1:53.94,3,Snowmobile,1:55.58,DNR,DNR,DNR,DNR,DNR,DNR,DNR,DNR,DNR,DNR,DNR,DNR,DNR,DNR,DNR,DNR,DNR,DNR
2024-12-02,23:38:54,Shanghai by Night,1,Bat Kart,2:39.00,3,Minecart,2:41.92,2,Bat Kart,2:41.90,DNR,DNR,DNR,DNR,DNR,DNR,DNR,DNR,DNR,DNR,DNR,DNR,DNR,DNR,DNR,DNR,DNR,DNR
2024-12-02,23:39:34,Shanghai,2,Greedy Snowmobile,2:36.28,3,Snow Minecart,2:38.36,1,Greedy Snowmobile,2:36.14,DNR,DNR,DNR,DNR,DNR,DNR,DNR,DNR,DNR,DNR,DNR,DNR,DNR,DNR,DNR,DNR,DNR,DNR
2024-12-02,23:40:16,Shanghai by Night,2,Bat Kart,2:44.16,3,Snow Minecart,2:44.66,1,Bat Kart,2:43.52,DNR,DNR,DNR,DNR,DNR,DNR,DNR,DNR,DNR,DNR,DNR,DNR,DNR,DNR,DNR,DNR,DNR,DNR
